team,player_raw,player_resolved,role,slot,stat_source,season,has_team_bench,minutes,games,primary_position,fpl_position,positions,rating,goals90,assists90,xg90,xa90,shots90,shots_on_target90,key_passes90,pass_pct,dribbles90,tackles90,interceptions90,understat_xg90,understat_shots90,gap_flags,has_gaps
Anindo,Rice,Declan Rice,XI,CM1,blend_cache,,True,2966.0,35,CM,MID,CM,7.294014120020171,0.1363402252461028,0.18283708260781875,0.12150607946670419,0.1878472819000389,1.4584352357843304,0.4832532870082442,1.8230629169866654,86.41287191124559,0.6209124222494081,1.667115256682501,0.8122435994643407,0.12849621596128682,1.453756562934729,,False
Anindo,Cubarsi,Pau Cubarsí,XI,CB2,blend_cache,,True,2664.0,33,CB,DEF,CB,7.006320960698689,0.020269878025968663,0.04565152171739058,0.02780633782081264,0.031600487741516546,0.3571872632091183,0.06510307482922992,0.26832578934315043,92.0238100436681,0.15524104373149217,1.368718789887777,0.8488418656298884,0.029157009198186246,0.3556643700283599,,False
Anindo,Cucurella,Marc Cucurella,XI,LB,blend_cache,,True,2850.0,35,LB,DEF,LB,6.853701298701299,0.08358171589360422,0.08628360248767758,0.07566582703354724,0.09205885082349065,0.6950456891095427,0.25939326196024415,0.9248391589158474,86.6192207792208,0.26464847522123314,1.9160231714378995,0.9520505164657259,0.07377147988269497,0.6932601506401584,,False
Anindo,Upamecano,Dayot Upamecano,XI,CB1,blend_cache,,True,1779.0,22,CB,DEF,CB,7.115665707088882,0.05954270622699269,0.02682592614174638,0.05069891507152745,0.05999343004165494,0.5208253138010623,0.18418794280911294,0.4167907512508792,90.69876214465634,0.2031582917513501,1.8699984592775716,1.238601859581735,0.05821877406189317,0.519414937140873,,False
Anindo,Enzo F,Enzo Fernández,XI,CM2,blend_cache,,True,3033.5,36,CM,MID,CM,7.160581380934673,0.2219916200814531,0.1684168704216007,0.23747352645739372,0.19469857028702875,1.8358748744139333,0.7270660964468095,2.0754207947946623,83.67765340275196,0.7371636335424773,1.5941516511614837,0.4886280754617228,0.24328239110919186,1.8299677760016713,,False
Anindo,Joao Palhinha,João Palhinha,bench,,blend_cache,,True,2198.0,33,CM,MID,CM,6.893126954346466,0.1687304565353346,0.08625390869293309,0.1072891198783491,0.05297906093447686,1.303095684803002,0.3637460913070669,0.5692081674851972,82.30582238899312,0.5004407909700049,2.2639149468417763,1.038148843026892,0.1279534925939634,1.3116081725390294,,False
Anindo,Gonzalo Higuain,Gonzalo Higuaín,XI,ST,peak_season,2015-2016,True,2958.0,35,ST,FWD,ST,7.45,1.1,0.06,0.753,0.081,5.48,2.3,1.536,78.0,0.75,0.0,0.0,0.8218779542267463,5.480093676814988,aerials_estimated_fwd,True
Anindo,Maignan,Mike Maignan,XI,GK,blend_cache,,True,3295.5,37,GK,GK,GK,7.107275637294844,0.0,0.0,0.0,0.002980148806240478,0.0,0.0,0.059372399636914014,78.34063845885228,0.04190114053291603,0.004656035385868933,0.010474490407097968,0.0,0.0,aerials_estimated,True
Anindo,Luis Diaz,Luis Díaz,XI,LW,blend_cache,,True,2430.0,34,LW,MID,LW|RW|LM,7.158994169096211,0.4400421480182507,0.30079427486126975,0.4196331947244862,0.2121930888804235,2.72571078490068,1.126125796725184,2.0499418711873414,83.04558309037901,1.9030275124941767,1.080714294355222,0.39139103520144614,0.4486715834086236,2.918575593502707,,False
Anindo,Stanisic,Josip Stanišić,XI,RB,blend_cache,,True,1855.0,26,LB,DEF,LB|RB,6.888984238178635,0.0840630472854641,0.12959719789842383,0.06388791593695271,0.1935901926444834,0.46584938704028017,0.19614711033274956,1.0718038528896674,87.03546409807356,0.5954465849387041,1.5481611208406303,0.9001751313485113,0.05905116642509166,0.42397628500963125,,False
Anindo,Cole Palmer,Cole Palmer,XI,RW,prime,2023-2024,True,2607.0,33,ST,FWD,CM|ST,7.27,0.76,0.38,0.6245807926829269,0.3001143292682927,3.73,1.59,2.4545454545454546,78.0,0.994,0.4142692750287687,0.6559263521288837,0.6079174436163157,3.6818181818181817,pass_pct_role_default|dribbles_winger_estimate|aerials_estimated_fwd,True
Anindo,Tapsoba,Edmond Tapsoba,bench,,blend_cache,,True,2543.5,29,CB,DEF,CB,6.986380697050938,0.07116164712398784,0.04608347056591239,0.057300586083405984,0.04607383249163673,0.7748741930244206,0.19344926420761202,0.2881570767852165,88.16414632425568,0.31236486089177473,1.3419260879309487,0.8558271993675912,0.07656796517672848,0.7732729641242313,,False
Anindo,Manuel Locatelli,Manuel Locatelli,XI,DM,blend_cache,,True,2922.0,36,CM,MID,CM,7.33584140744518,0.060267779032519314,0.07142831901626359,0.0781395761233898,0.11641214066305484,1.1144767297076663,0.32941186021590285,1.1473601618634126,87.06040285568587,0.3845259419580911,2.43453757089027,0.9107541248471333,0.07252943138122868,1.1086617601587498,,False
Anindo,Matheus Cunha,Matheus Cunha,bench,,blend_cache,,True,2551.5,33,ST,FWD,ST,7.22329297479938,0.41141156987252897,0.13422705021812983,0.2942311056327702,0.13335994766838172,3.2060085289437295,1.2751186153912006,1.482987988028981,78.23873011403633,1.5520656492058782,1.2014946123175672,0.5530172700155389,0.2783083349236024,2.997907092526016,,False
Anindo,Antoine Griezmann,Antoine Griezmann,bench,,blend_cache,,True,1978.5,36,ST,FWD,ST,6.986353869397347,0.3523576645890467,0.20565485310196976,0.35881839867910903,0.192962106469093,2.3604268776062507,1.0524453049290685,1.6199819374560787,78.94209837166359,0.6316327849737745,0.9136116945751769,0.31831988403358275,0.38780555043478565,2.384111222685721,,False
Chintu,Haaland,Erling Haaland,XI,ST,blend_cache,,True,2849.5,33,ST,FWD,ST,7.188688141317054,0.6597277107266712,0.15771892049730582,0.6421693961968055,0.08002181057535508,3.3548258268552646,1.6481338224532598,0.9197017869595481,68.48531627484088,0.5572402519312658,0.510413040249969,0.18201152835897638,0.7005653483732389,3.341939600694802,,False
Chintu,Bruno,Bruno Fernandes,XI,AM,blend_cache,,True,3045.0,35,CM,MID,CM,7.438238566131027,0.27310903025890243,0.3737088744772,0.315172153597372,0.24776180215723795,2.6078618961342435,0.8323029022808474,2.804996655773236,79.9206242274413,0.677163587720338,1.7353785326040945,0.5740322908376654,0.32559934597626206,2.5994419368416546,,False
Chintu,Sergio Ramos,Sergio Ramos,XI,CB1,prime,2014-2015,True,2229.0,27,CB,DEF,CB,6.64,0.16,0.04,0.15897720428262077,0.02137716919411507,1.1165263624280017,0.48,0.3190075321222862,84.0,0.35,1.12,1.12,0.15897720428262077,1.1165263624280017,pass_pct_role_default|dribbles_role_default|dribble_pct_role_default,True
Chintu,Bounou,Yassine Bounou,bench,,blend_cache,,True,2565.0,28,GK,GK,GK,6.888842917251052,0.0,0.0,0.0,0.0009761031394972489,0.0,0.0,0.020019906799981904,79.96510518934082,0.0,0.017214857711622858,0.0,0.0,0.0,aerials_estimated,True
Chintu,Fernandinho,Fernandinho,XI,DM,peak_season,2017-2018,True,2881.0,34,CM,MID,CM,6.76,0.16,0.09,0.07680647696165374,0.08853827197762097,1.5,0.62,0.6539792387543253,85.0,0.85,0.0,0.0,0.07680647696165374,1.4636678200692042,,False
Chintu,Doku,Jérémy Doku,XI,RW,blend_cache,,True,1658.5,29,CM,MID,CM,7.193300733496333,0.2276560707288094,0.2562631270010698,0.15020022972236913,0.2345440558297084,1.9723057048862558,0.72058340872583,2.0943946421882282,80.78179518525485,3.8078876424410915,1.3057712419491796,0.4282800470032667,0.1807671432759746,1.9778975756715689,,False
Chintu,Barella,Nicolò Barella,XI,CM,blend_cache,,True,2529.5,33,CM,MID,CM,7.122001699957502,0.12749695903938227,0.22945932154434903,0.11906486470775149,0.20103682785706187,1.5046054237698563,0.3627285076427081,2.085002063069813,83.89512183028758,0.9519420894341818,1.6375576989815053,0.39529355586352966,0.12526188168320065,1.5087912140333866,,False
Chintu,Mason Greenwood,Mason Greenwood,bench,,blend_cache,,True,2641.5,33,ST,FWD,ST,7.309844157627351,0.5485032712424981,0.1835000011015091,0.47316149659236817,0.19247279681831633,3.571477377193462,1.5533251924155453,1.688550507026959,80.14403542496224,1.5600205020639004,0.824004194377395,0.26073694803268266,0.501121169022482,3.5458007010396773,,False
Chintu,Djed Spence,Djed Spence,XI,RB,blend_cache,,True,1942.0,27,LB,DEF,LB,6.76418762746431,0.03685095597055539,0.06690381540814003,0.04246901965050247,0.08180378721092917,0.5882411084649748,0.23165315896437055,0.6298154172214255,83.20797416723317,1.3687737358351693,2.047944559957983,0.9256795167900169,0.04364234266281817,0.5911662565014968,,False
Chintu,Leandro Trossard,Leandro Trossard,XI,LW,blend_cache,,True,2282.0,34,ST,FWD,ST,6.979960390006095,0.2950352554428922,0.21577119564602357,0.2772613948895719,0.13322241421524597,2.4386227756091774,0.8016616573478296,1.398178470569218,77.32009445460086,1.0985015614555327,1.0440744870108047,0.32663760810036246,0.31436246525855865,2.4266911753095712,,False
Chintu,Malick Thiaw,Malick Thiaw,XI,CB2,blend_cache,,True,2383.5,28,CB,DEF,CB,6.9451004876607065,0.05164680465871229,0.008866558297620807,0.0725002694240859,0.02606430508880182,0.570310983938892,0.21164555200681542,0.23794114270011132,89.94138687749373,0.21219417330036322,1.3654313772958377,0.905604923538555,0.13781166931118907,0.7458922462226509,,False
Chintu,Jordan Pickford,Jordan Pickford,XI,GK,blend_cache,,True,3420.0,38,GK,GK,GK,7.085407239819005,0.0,0.010180995475113122,0.0,0.005135746606334842,0.0,0.0,0.04751131221719457,63.83904977375565,0.0,0.03506787330316742,0.010180995475113122,0.0,0.0,aerials_estimated,True
Chintu,Adam Wharton,Adam Wharton,bench,,blend_cache,,True,2562.0,34,CM,MID,CM,7.015081414935429,0.05334081976417743,0.154407636159461,0.06647950589556428,0.21734980348119037,1.1454239191465467,0.24985962942167322,1.420550252667041,80.33874227961819,0.5755193711398091,2.2599663110612016,0.9067939359910164,0.05056654642190324,1.0505713026710815,,False
Chintu,Maxence Lacroix,Maxence Lacroix,bench,,blend_cache,,True,3102.5,35,CB,DEF,CB,6.936968312004875,0.02925100461460653,0.04027500157301381,0.07375106625938073,0.031021622705544406,0.7138846332264481,0.17921741038644867,0.24979695891030357,85.28534734917734,0.22542157804497756,1.7936246623185512,1.341398605630729,0.07278748302096116,0.7234471436785929,,False
Chintu,Noussair Mazraoui,Noussair Mazraoui,XI,LB,blend_cache,,True,2848.0,37,CB,DEF,CB,6.9388149688149685,0.007796257796257795,0.031185031185031187,0.0262993762993763,0.05413201663201664,0.433991683991684,0.10914760914760915,0.5587318087318088,86.06661122661123,0.6730769230769231,3.105509355509356,1.068087318087318,0.02643235551543533,0.44843345346642816,,False
DDR,Yamal,Lamine Yamal,XI,RW,blend_cache,,True,2564.5,31,CM,MID,CM,7.590677514377893,0.4256290564213429,0.3377993470056676,0.3892581582346416,0.3006633960508265,3.972997102319779,1.3349643512110725,2.086217343007818,78.327526301024,3.944899511709285,1.1993357982091768,0.3939436382071529,0.4329889684787345,3.9460417665152137,,False
DDR,CR7,Cristiano Ronaldo,XI,ST,prime,2014-2015,True,3100.0,35,ST,FWD,ST|CM,7.75,1.39,0.46,0.881,0.394,6.526,3.08,2.204,81.0,1.85,0.0,0.0,1.1401183172115588,6.525942636158557,dribbles_winger_estimate,True
DDR,Carvajal,Carvajal,XI,RB,blend_cache,,True,1632.0,22,RB,DEF,RB|RM,6.7,0.0,0.22,0.018657735213501146,0.10195138357193165,0.44,0.0,0.8800006761953867,84.0,0.40260021638252375,1.213235294117647,2.150735294117647,0.094076635403574,0.4533890067535014,raw_pass_pct_zero|pass_pct_role_default,True
DDR,Arturo Vidal,Arturo Vidal,XI,DM2,peak_season,2015-2016,True,2042.0,30,CM,MID,CM,6.73,0.18,0.22,0.16841742737915522,0.20120601918010955,2.2885085574572126,0.84,2.1124694376528117,85.0,0.85,3.52,1.67,0.16841742737915522,2.2885085574572126,aerials_estimated_mid,True
DDR,Gravenberch,Ryan Gravenberch,XI,DM1,blend_cache,,True,3082.0,36,CM,MID,CM,7.005703086722194,0.08120005180842135,0.10141812916531649,0.05805636711047747,0.09043534455677663,0.9394055926215579,0.286791875381598,0.8771922055264814,87.66981136697697,0.9311945737011961,1.837805448985802,1.3838087250567161,0.05594244723748608,0.9356078595618094,,False
DDR,Van Hecke,Jan Paul van Hecke,XI,CB2,blend_cache,,True,3085.5,35,CB,DEF,CB,7.0803457349161665,0.050576807133117165,0.039095240815851424,0.06010344033826719,0.043470365894783834,0.5610041891870723,0.19996370508460393,0.3954851830542656,87.38585056908579,0.15035205049543676,1.4692549200226879,1.0300151854297874,0.05678119595903677,0.5606451705635387,,False
DDR,Marc Guehi,Marc Guéhi,XI,CB1,blend_cache,,True,3105.0,34,CB,DEF,CB,7.114738124238733,0.07309542574642525,0.061971975148159136,0.07628787398028639,0.0571714295949805,0.6344348458019018,0.21165569760181782,0.4577385643660631,86.68075517661389,0.27002221107687896,1.565358396708257,1.1075241302367476,0.09343675053183664,0.6344348458019018,,False
DDR,Laimer,Konrad Laimer,XI,LB,blend_cache,,True,1850.5,29,LB,DEF,LB,6.862983687072442,0.09922261731212975,0.20102678822382092,0.09262386945339161,0.16529997488042247,0.8028481508019903,0.29005557402118287,1.3168997296760911,86.82668566918085,0.7768999899108987,2.179518603913663,0.7191125323905923,0.10753373203848826,0.8035742476349562,,False
DDR,Arda Guler,Arda Güler,XI,AM,blend_cache,,True,2026.0,33,CM,MID,CM,7.097296761401189,0.1784534038334435,0.3271645736946464,0.19540647719762064,0.2730337078651685,2.0522141440846,0.7799074686054197,2.6107072042300064,87.17067415730337,1.19960343688037,1.7316589557171185,0.4163912756113682,0.22554855083008768,2.244498720251678,,False
DDR,Abdessamad Ezzalzouli,Abdessamad Ezzalzouli,bench,,blend_cache,,True,2125.0,30,CM,MID,CM,7.0394000000000005,0.27517513962289314,0.1776354500441792,0.3531282863477986,0.10842233966290447,2.7095761132320826,1.0652129570044846,1.21570871746995,76.482,1.4907878565593586,1.5427205708284015,0.4044859376823433,0.39128898397403544,2.6808027693601786,,False
DDR,Yan Diomande,Yan Diomande,XI,LW,blend_cache,,True,1513.5,21,ST,FWD,ST,7.225160135269544,0.3649488642515747,0.1844693140445247,0.2979926949224109,0.19032497557645991,2.0758115991891706,0.8219633969586175,1.7389675322203628,80.93976029441019,2.7407188388225046,1.3241313149985303,0.6679807877228526,0.30885706665893864,2.1005350524796733,,False
DDR,Matvei Safonov,Matvey Safonov,bench,,blend_cache,,True,1114.0,12,GK,GK,GK,7.005331125827814,0.0,0.0,0.0,0.0013918117564574745,0.0,0.0,0.049321980447808264,74.55682592242194,0.0,0.00946073793755913,0.027008359499421365,0.0,0.0,aerials_estimated,True
DDR,Gregor Kobel,Gregor Kobel,XI,GK,blend_cache,,True,2970.0,33,GK,GK,GK,6.998627204030226,0.0,0.0,0.0,0.001954618276781745,0.0,0.0,0.019245906801007556,73.52607052896725,0.02337846347607053,0.005037783375314861,0.011689231738035264,0.0,0.0,aerials_estimated,True
DDR,Alvaro Carreras,Álvaro Carreras,bench,,blend_cache,,True,2340.0,28,LB,DEF,LB|RB,6.962095808383234,0.0718562874251497,0.11077844311377245,0.030359281437125747,0.07008982035928144,0.45209580838323354,0.1407185628742515,1.0778443113772456,88.0251497005988,0.7514970059880239,1.6736526946107784,1.3353293413173652,0.13946131473139375,1.5931439033110437,,False
DDR,Felix Nmecha,Felix Nmecha,bench,,blend_cache,,True,1847.5,27,CM,MID,CM,6.961637401229148,0.1391463661092761,0.09454657473989223,0.10882505506113678,0.11734047154092372,1.21039004383903,0.3324303423215905,0.9241908841668637,86.2051448639157,0.9887378047897859,1.7661795526952797,1.0863190409936134,0.10053279960377974,1.2037630633359035,,False
Dilshad,Mbappe,Kylian Mbappé,XI,LW,blend_cache,,True,2759.5,32,ST,FWD,ST,7.435825242718447,0.7588148284523514,0.12933488925882553,0.6880471828448869,0.1772553060792916,4.314629632123266,2.02294204430353,1.7063019073425536,82.71633528394733,2.1426678612693557,0.3541813356265962,0.10319827354259177,0.7540806966752288,4.286933384019748,,False
Dilshad,Neuer,Manuel Neuer,XI,GK,prime,2013-2014,True,2745.0,31,GK,GK,GK,7.35,0.0,0.0,0.0,0.0,0.0,0.0,0.0,86.0,0.0,0.0,0.0,0.0,0.0,,False
Dilshad,Fede Valverde,Federico Valverde,XI,CM1,blend_cache,,True,2889.0,34,CM,MID,CM,7.256574955001286,0.15273408951045508,0.16720437717774797,0.09022292859533014,0.12082825777010617,1.5578655783205537,0.6003761986547755,1.2363061126074537,88.66434173309334,0.6363951180324443,1.500375849444189,1.1042715158131051,0.08050303673417669,1.5529780914127291,,False
Dilshad,Dani Olmo,Dani Olmo,XI,CM2,blend_cache,,True,2077.0,33,CM,MID,CM,6.974250893727657,0.31524211894702636,0.2729931751706207,0.33454663633409165,0.19421514462138448,2.8274293142671434,0.9327266818329543,1.790705232369191,81.60734156646083,0.7279818004549887,1.225219369515762,0.4907377315567111,0.40172479913637466,2.8330247388455145,,False
Dilshad,Nico Paz,Nico Paz,bench,,blend_cache,,True,2790.5,35,CM,MID,CM,7.179749373433584,0.3012819010523902,0.19882135551773053,0.30106392867541865,0.12261921272205237,3.374209211250376,1.288990808367652,1.5392473416244496,80.69926131117266,1.8511236004433724,1.883074143078007,0.6455700819662611,0.31329329483718393,3.360700473646596,,False
Dilshad,Marcelo,Marcelo,XI,LB,peak_season,2016-2017,True,2279.0,30,LB,DEF,LB|LM,6.85,0.08,0.39,0.07988807847256475,0.3008613927845197,0.99,0.16,1.7414248021108178,84.0,0.7717559366754617,1.4611671785870997,1.7376042123738482,0.07988807847256475,0.9894459102902374,aerials_estimated,True
Dilshad,Nunes,Matheus Nunes,bench,,blend_cache,,True,2273.5,30,LB,DEF,LB,7.006266228807087,0.04781864515174018,0.19657754249016623,0.04481585142210802,0.11667261764824932,0.4574278802414705,0.15723796897795833,1.007739979598577,86.8268901787078,0.9028676279010646,1.8525459146145358,0.8961834076126063,0.04792441413213493,0.45832749840114684,,False
Dilshad,Eliott Anderson,Elliot Anderson,XI,DM,blend_cache,,True,3038.0,37,CM,MID,CM,7.114420505200595,0.0900779426116396,0.13946651918669298,0.08026592565808972,0.12070249763079595,1.2378706983331111,0.27465387983396095,1.2877665589781242,83.68840267459137,1.1255868256315475,2.6254120260058134,0.9972232714898166,0.08701960123299778,1.2330205211956975,,False
Dilshad,Pulisic,Christian Pulišić,XI,RW,blend_cache,,True,2050.0,32,ST,FWD,ST,7.057950819672131,0.3953424300367905,0.2238091728525376,0.40832240850492235,0.18349328859418476,2.4933685871465734,1.0823206907535754,1.9125672144173076,81.22540983606558,1.3370040192599797,1.066442912051418,0.19905019580429925,0.43081387484715,2.4847623087007085,,False
Dilshad,Morgan Rogers,Morgan Rogers,bench,,blend_cache,,True,3207.0,37,CM,MID,CM,6.923319467554077,0.25155435741106197,0.21507170965411793,0.19523100178085273,0.1451351375221303,2.0030766824689508,0.7554655341136319,1.4174263269067089,75.23007606370335,1.4949274354733837,1.147696492933887,0.296610452553479,0.21488192820526647,1.9871095302576443,,False
Dilshad,Kim Min Jae,Kim Min-jae,XI,CB2,blend_cache,,True,1955.0,26,CB,DEF,CB,7.07163282571912,0.05453119528681416,0.02851846168780943,0.04625385057258342,0.05139854664178325,0.3520801924484233,0.1708917875888589,0.288312404329124,91.13725042301185,0.1419876466886854,1.4007339020517846,1.5528464403503177,0.053425044306254145,0.3513698317129498,aerials_estimated,True
Dilshad,Hugo Ekitike,Hugo Ekitiké,XI,ST,blend_cache,,True,2194.0,30,ST,FWD,ST,7.033948027551659,0.47416202816298897,0.20180490975774618,0.534839482092908,0.13840385568467625,3.2643445975109784,1.2068423556567358,1.230607353909944,75.78253913587977,1.5229290129593522,0.6301724005981163,0.2134379432944514,0.508451621369514,2.941294900690839,,False
Dilshad,Hakan Calhanoglu,Hakan Çalhanoğlu,bench,,blend_cache,,True,1805.0,25,CM,MID,CM,7.257139037433156,0.3530891617358443,0.2016219838839945,0.28540164416193947,0.17623993743950747,2.4129002461143356,0.869402510053791,1.8504641125453931,84.56938502673798,0.41730702637760286,1.5172230304900765,0.6358921556172236,0.2742016005377566,2.3868751599267712,,False
Dilshad,Rrahmani,Amir Rrahmani,XI,CB1,blend_cache,,True,2603.0,29,CB,DEF,CB,7.138981404385234,0.0539941107340412,0.05502285398952299,0.06387744912774944,0.02619734113560028,0.6769544455434394,0.15205748651096357,0.3285660812440341,90.08908687205107,0.14368945986650064,1.2136803935651588,0.9826120139656569,0.05697256487192988,0.675293081718557,,False
Dilshad,Nordi Mukiele,Nordi Mukiele,XI,RB,blend_cache,,True,2787.0,32,LB,DEF,LB,6.9309532611565885,0.08714021653023502,0.12146818061790335,0.06052284129918141,0.08558225508317929,0.8027462371270135,0.14787430683918668,0.8080274623712701,79.52724584103512,0.5202006865592818,2.141536836546079,1.201478743068392,0.08174360880863346,0.8014188400194344,,False
Kinjal+Sayan C,Olise,Michael Olise,XI,RW,blend_cache,,True,2331.5,33,CM,MID,CM,7.59283656010806,0.467022847496809,0.49562619663322327,0.38870343735713003,0.4291378562743329,3.2476432815367655,1.4570217379823025,2.679557069899058,81.82065511031067,2.0901333767695642,1.0496010661941741,0.35912829659086176,0.3928517651392105,3.25495067687926,,False
Kinjal+Sayan C,Kane,Harry Kane,XI,ST,blend_cache,,True,2385.5,31,ST,FWD,ST,7.523591050066461,0.9247278825355782,0.20818289387227246,0.7297968216435011,0.1570865279869297,3.806041261546298,1.8980564270512597,1.3219132729156104,78.83723452961158,0.9675378951987982,0.6617631794620886,0.2068814393507758,0.8218455408604873,3.797113835920672,,False
Kinjal+Sayan C,Kounde,Jules Koundé,XI,RB,blend_cache,,True,2437.5,31,LB,DEF,LB,6.981181818181818,0.05600655048185394,0.10801351176789489,0.06296172288939125,0.12317123843656169,0.6209197260022169,0.187900896687759,0.9770917062232254,87.75072727272726,0.79742996226782,1.9850929141597282,0.9431449551170288,0.0822943933917624,0.622847373325135,,False
Kinjal+Sayan C,Willian Pacho,Willian Pacho,XI,CB1,blend_cache,,True,2022.5,25,CB,DEF,CB,6.953717948717948,0.009925558312655087,0.02406248907839094,0.033340632047907284,0.02612193870624942,0.3477665410231073,0.07948882808933368,0.18965718413216168,91.99556658395369,0.12671095323058648,1.9499954633023746,1.2902503098200995,0.0260563929718154,0.37648933872006396,,False
Kinjal+Sayan C,Casemiro,Casemiro,XI,DM,prime,2017-2018,True,2595.0,30,CM,MID,CM,6.89,0.17,0.1,0.1257918462986837,0.10109512783635526,1.11,0.42,0.7934074357991567,85.0,0.85,2.7745664739884393,2.2196531791907512,0.1257918462986837,1.1038712150249137,pass_pct_role_default|dribbles_role_default|aerials_estimated_mid,True
Kinjal+Sayan C,Pape Matar Sarr,Pape Matar Sarr,bench,,blend_cache,,True,1913.0,36,CM,MID,CM,6.854030209406111,0.12701682114658427,0.09612083762444215,0.14926192928252663,0.06216958462066598,1.4624098867147273,0.5217988328184002,0.8719533127360111,86.01430484037076,0.5801579128046688,2.1146584277377274,1.201510470305527,0.14094609606009337,1.3101433784654766,,False
Kinjal+Sayan C,Joao Neves,João Neves,XI,CM2,blend_cache,,True,1572.0,25,CM,MID,CM,7.151695178849145,0.22126993521431448,0.2098423915582479,0.17395852350615587,0.17249400265452342,1.6915550274050035,0.5586759735514688,1.4100321047888613,87.22741057542768,0.8745021275139335,1.9377756662219388,0.6652061950265293,0.19442933467410115,1.6907293448678073,,False
Kinjal+Sayan C,Diego Godin,Diego Godín,XI,CB2,peak_season,2015-2016,True,2648.0,31,CB,DEF,CB,6.67,0.03,0.03,0.08543346929451767,0.04426335163836209,0.88,0.2,0.23773584905660378,84.0,0.35,0.0,0.0,0.08543346929451767,0.8490566037735849,,False
Kinjal+Sayan C,Bruno G,Bruno Guimarães,XI,CM1,blend_cache,,True,2868.5,33,CM,MID,CM,7.235478221532894,0.2196890426266992,0.17548915114832736,0.16646219401818768,0.1690155421948864,1.4936553684731388,0.6331351855404473,1.5776572371550006,83.64077420188704,0.9005207840163645,1.970880460230977,0.6150379139142627,0.18300871846841343,1.4855059092347773,,False
Kinjal+Sayan C,Nico O'Reilly,Nico O'Reilly,XI,LB,blend_cache,,True,2648.0,34,RB,DEF,RB|CM,6.864517543859649,0.13980263157894737,0.10142543859649122,0.1652138157894737,0.09377741228070174,1.2033991228070176,0.42489035087719296,0.8141447368421053,85.04142543859649,0.8114035087719298,2.1984649122807016,0.7538377192982456,0.16759409865544242,1.194822902811982,,False
Kinjal+Sayan C,Rafael Leao,Rafael Leão,XI,LW,blend_cache,,True,2094.5,31,ST,FWD,ST,7.001526902569074,0.3619064609728938,0.19250789155940956,0.3665203826060136,0.16534555473902812,2.670529640247637,1.0890015439029999,1.4904877742792764,78.30474066892876,1.4557660593861468,0.565982013527609,0.2411418736373804,0.3793342932638102,2.675715828359291,,False
Kinjal+Sayan C,Marco Carnesecchi,Marco Carnesecchi,XI,GK,blend_cache,,True,3195.0,35,GK,GK,GK,7.186102502979738,0.0,0.0,0.0,0.0013182947372809254,0.0,0.0,0.01835167916988011,68.25361144219309,0.010292175369648552,0.015059755822568695,0.0,0.0,0.0,aerials_estimated,True
Kinjal+Sayan C,Jeremy Jacquet,Jérémy Jacquet,bench,,blend_cache,,True,1673.0,19,CB,DEF,CB,6.937624392068837,0.01122334455667789,0.01122334455667789,0.04998129442573888,0.031126075570520016,0.5574261129816684,0.15712682379349047,0.43396932285821177,88.7726861204639,0.22820800598578375,1.5076692854470632,1.032547699214366,0.04265879809917011,0.6131895160573034,,False
Kinjal+Sayan C,Eli Junior Kroupi,Eli Junior Kroupi,bench,,blend_cache,,True,1690.0,33,ST,FWD,ST|CM,6.843457249070632,0.5613382899628253,0.04460966542750929,0.40576208178438666,0.08464684014869889,2.6319702602230484,1.100371747211896,1.1449814126394053,75.26907063197027,0.7992565055762082,0.5985130111524164,0.3940520446096655,0.41934117294116646,2.6136353743154888,,False
Kinjal+Sayan C,Diogo Costa,Diogo Costa,bench,,blend_cache,,True,2893.5,32,GK,GK,GK,7.016645275634229,0.0,0.0,0.0,0.0024681116789459,0.0,0.0,0.007705149608321562,76.62727361831982,0.0,0.005136766405547708,0.0,0.0,0.0,aerials_estimated,True
KP+SS,Dembele,Ousmane Dembélé,XI,RW,blend_cache,,True,1399.0,25,ST,FWD,ST,7.299464360150063,0.7062730427362776,0.31369071806944476,0.5558972330223511,0.2572475503100386,3.578670960885216,1.6242260714087924,2.4239780574236893,79.33591079616507,1.5614075461094028,0.6480143294038949,0.2402582777386123,0.585223369672681,3.5821464881771443,,False
KP+SS,Modric,Luka Modrić,bench,,blend_cache,,True,2325.5,34,CM,MID,CM,7.288107803337844,0.08677210296947405,0.16671003498000403,0.07412582947201743,0.19399271666156181,0.9622538375308602,0.29766160313965634,2.0913014724717334,88.49994211396783,0.6408696625842296,1.62820854014343,1.1398944939206515,0.057830262006187724,0.8061002074365385,,False
KP+SS,Raya,David Raya,XI,GK,blend_cache,,True,3375.0,37,GK,GK,GK,6.965428571428571,0.0,0.0,0.0,0.0024186344238975818,0.0,0.0,0.048281650071123755,68.00485714285715,0.020575086364560048,0.014996138996138997,0.030725462304409673,0.0,0.0,aerials_estimated,True
KP+SS,Lautaro Martinez,Lautaro Martínez,XI,ST,blend_cache,,True,2377.5,30,ST,FWD,ST,7.072461139896372,0.4954161037160746,0.15966848231577838,0.4624589289471721,0.11940816718004807,3.3024062987921323,1.2752948230773828,1.3186123929989142,76.38277942264989,0.751247071417202,0.9546749253777495,0.2987464947430555,0.5289477711064928,3.272545795511753,,False
KP+SS,Marcus Thuram,Marcus Thuram,bench,,blend_cache,,True,2105.5,30,ST,FWD,ST,7.083057478666882,0.502686463194168,0.1874387501220098,0.39344040954517456,0.12397757781329109,2.8159929221391193,1.1365448040210018,1.347781458604611,74.89155772017389,0.84737076176212,0.879351147810254,0.1362806250774363,0.4569407059524186,2.7970748450066747,,False
KP+SS,Giovanni Lo Celso,Giovani Lo Celso,XI,CM2,peak_season,2018-2019,True,1455.0,25,CM,MID,CM,7.41,0.4948453608247423,0.18556701030927836,0.2950515463917526,0.3216494845360825,2.1030927835051547,1.175257731958763,2.6597938144329896,84.82,1.2989690721649485,2.1030927835051547,0.30927835051546393,0.24158396647610353,2.0317668734409677,,False
KP+SS,Laporte,Aymeric Laporte,XI,CB2,prime,2021-2022,True,2828.0,33,CB,DEF,CB,6.64,0.13,0.0,0.14076836677948326,0.01932811311817613,1.11,0.25,0.28441011235955055,84.0,0.35,0.47736916548797736,0.6046676096181046,0.14076836677948326,1.1060393258426966,pass_pct_role_default|dribbles_role_default|aerials_estimated,True
KP+SS,Musiala,Jamal Musiala,XI,LW,blend_cache,,True,1804.0,25,CM,MID,CM,7.337489300998573,0.5064194008559202,0.10699001426533522,0.42039942938659064,0.22275320970042795,3.0385164051355207,1.37660485021398,1.7082738944365192,80.13128388017118,2.596291012838802,1.4407988587731813,0.3459343794579173,0.5143908692375234,3.2405585737661133,,False
KP+SS,Caicedo,Moisés Caicedo,XI,DM,blend_cache,,True,3079.0,35,CM,MID,CM,7.1226783525373865,0.07100553598051773,0.05688161849567021,0.05027220307357936,0.08436222645078359,0.8239341889600766,0.20102905798467896,0.8036519392512287,88.9896702623192,0.646976237019903,2.637559497232204,1.4073228648938716,0.04995927787096943,0.8213894001257742,aerials_estimated,True
KP+SS,Eric Garcia,Eric García,bench,,blend_cache,,True,2152.5,31,CB,DEF,CB|CM,6.986558287073752,0.05978771426828525,0.09055084487281156,0.09126188007076191,0.0718886109924968,0.7130909534557434,0.28243152565119256,0.596480204965534,90.28793021411579,0.19935338254132862,2.0817056060513632,1.1464161532361374,0.0971335300791903,0.7175975864032178,,False
KP+SS,Karim Adeyemi,Karim Adeyemi,bench,,blend_cache,,True,1330.5,26,ST,FWD,ST,6.939963527140099,0.4182723261371816,0.2426709809352574,0.3462284809582551,0.17792432205516498,2.5025826163740224,1.0363397205597114,1.3077885822430695,74.59659836944863,1.624854780686566,0.8043342296004761,0.4007987272432866,0.356797296565094,2.492023939781734,,False
KP+SS,Alphonso Davies,Alphonso Davies,XI,LB,blend_cache,,True,1561.0,19,LB,DEF,LB|RB,7.087715736040609,0.058570870753611864,0.10933229207340883,0.06700507614213197,0.11776649746192894,0.870753611870363,0.18352206169465052,1.3002733307301835,87.52841468176493,1.4017961733697775,1.7961733697774307,0.827801639984381,0.07959528601062296,0.7822452691749339,,False
KP+SS,Sandro Tonali,Sandro Tonali,XI,CM1,blend_cache,,True,2587.0,35,CM,MID,CM,6.964909395037637,0.07722044542578849,0.07807418030607739,0.10436116234680913,0.10159551045401172,1.2384914132004434,0.34769949171282455,1.0604526396387204,84.55421940340116,0.6843440868791809,1.5636661372267788,1.0380679166585367,0.09818413881390232,1.2326177488859282,,False
KP+SS,Reece James,Reece James,XI,RB,blend_cache,,True,1961.0,29,RB,DEF,RB|CM,7.068551165146909,0.08105369807497467,0.15535292131036813,0.05187436676798379,0.13073286052009456,0.9050996285038839,0.28031070584262074,1.1246200607902737,86.61606551840595,0.6045254981425194,2.10064167510976,1.3238770685579198,0.05555625620024565,0.8853404221188237,,False
KP+SS,Dean Huijsen,Dean Huijsen,XI,CB1,blend_cache,,True,2229.5,30,CB,DEF,CB,7.129593590339062,0.07827074960614587,0.06544417880428048,0.07083839671742234,0.05051952177500341,0.6907177376296607,0.17400728540530586,0.45328283922131607,86.70070986220777,0.13356617911392593,1.4299652179822542,1.2690487381043516,0.08306261806508057,0.7621727667275515,,False
Moga+Sanmitro,Ruiz,Fabián Ruiz,XI,CM,blend_cache,,True,1529.0,25,CM,MID,CM,7.089054962435745,0.1516877318251591,0.23808499488493223,0.16271949802857502,0.19415043756458134,1.7760691074309105,0.5226564389179749,1.612363120210813,87.12203242388296,0.7201459032231243,1.3664609354215078,0.7409672684080946,0.1816697632461925,1.7781604941201374,,False
Moga+Sanmitro,Khvicha,Khvicha Kvaratskhelia,XI,LW,blend_cache,,True,1335.0,22,ST,FWD,ST,7.085813704496788,0.3927737656500787,0.18581103346482186,0.37257201272300067,0.18515082483125128,3.2392423470623406,1.2912836450538019,1.6895170145183285,80.62640256959315,1.5177753429186165,1.0841028815326772,0.3846009716543486,0.39485007416766216,3.10473902430447,,False
Moga+Sanmitro,Rodri,Rodri,XI,DM,prime,2023-2024,True,2931.0,34,DM,MID,DM|CM|CB,6.92,0.25,0.28,0.12467665078284548,0.18686181075561606,1.9,0.68,1.5166835187057635,85.0,0.85,1.3203684749232343,0.7676560900716479,0.1302609852391801,1.8806875631951465,pass_pct_role_default|dribbles_creator_estimate|aerials_estimated,True
Moga+Sanmitro,Julian Alvarez,Julián Alvarez,XI,ST,blend_cache,,True,2210.0,33,ST,FWD,ST,7.037694704049844,0.44539634413661733,0.15175414043562785,0.406304763041713,0.1769328513584236,2.5377502507316585,1.233266234265543,1.6250182662346166,78.80898753894081,1.0910639226846266,0.8988844789736936,0.15135590705459173,0.42149841807527344,2.49347265121833,,False
Moga+Sanmitro,Emiliano Martinez,Emiliano Martínez,XI,GK,blend_cache,,True,3015.5,34,GK,GK,GK,6.9988127256879595,0.0,0.011920079533079159,0.0,0.002443698479841436,0.0,0.0,0.05245853382766212,73.78364711742,0.010573662539511707,0.036701687406855386,0.0,0.0,0.0,aerials_estimated,True
Moga+Sanmitro,Ruben Dias,Rúben Dias,XI,CB1,blend_cache,,True,2211.0,26,CB,DEF,CB,7.066899719713485,0.03818017955089524,0.009342883836810962,0.04097971247963436,0.03790726545387177,0.58617448641247,0.19981343635506757,0.27809115053078776,91.07476487075678,0.14837743051869706,0.9174745940517066,0.9312710514084792,0.037077091069584164,0.5880378175869145,,False
Moga+Sanmitro,Gvardiol,Joško Gvardiol,XI,CB2,blend_cache,,True,2326.5,27,CB,DEF,CB,7.08079663309785,0.10282029950673223,0.054829649690161776,0.1110534612131652,0.05621817116227593,0.9236282054172011,0.2977034844306452,0.4922005565850118,89.07029460393807,0.3609184767077802,1.4499780153256694,1.0815485083174068,0.09891091187416673,0.9238625204605533,,False
Moga+Sanmitro,Angel Di Maria,Ángel Di María,XI,RW,peak_season,2013-2014,True,2357.0,34,RW,FWD,RW|LW|RM,6.91,0.15,0.65,0.28589204132340856,0.7303306033836557,2.9,1.37,4.1674462114125355,78.0,1.69,0.0,0.0,0.28589204132340856,2.904583723105706,aerials_estimated_fwd,True
Moga+Sanmitro,Bellingham,Jude Bellingham,XI,AM,blend_cache,,True,2205.5,29,CM,MID,CM,7.213056465450007,0.3147042159301622,0.20135556275426872,0.3660906971756613,0.11931262477048377,2.342114099690512,1.0111849848644006,1.4460059595035086,83.89052019965683,1.3561534540139204,1.8305575541230938,0.6517106215663171,0.3913120926956592,2.3303896262690884,,False
Moga+Sanmitro,Timber,Jurriën Timber,XI,RB,blend_cache,,True,2439.5,30,LB,DEF,LB,6.910287105683967,0.06959255881585465,0.13355803733782454,0.09561595627033538,0.06672391565198021,0.7127603438315355,0.20179008236403323,0.836422041137826,85.24486480593109,0.7177312986019555,2.1740673165718984,0.8778778518675516,0.0865816997798785,0.7088126348501452,,False
Moga+Sanmitro,Calafiori,Riccardo Calafiori,XI,LB,blend_cache,,True,1707.0,26,CB,DEF,CB,6.8626117473217585,0.04432951606944958,0.07757665312153676,0.12582194311045436,0.040044329516069455,1.2486147026228298,0.32138899150350947,0.4285186553380126,85.73515330624306,0.6243073513114149,1.6549685999261174,0.8865903213889914,0.09317189114067817,0.9899047579413486,,False
Moga+Sanmitro,Cherki,Rayan Cherki,bench,,blend_cache,,True,1923.5,31,CM,MID,CM,7.249364631434924,0.266901001943208,0.418250765968399,0.21566429397837428,0.373491393931404,2.309192482492513,0.7793043304983722,2.601422377172128,82.11230203523174,2.012798127102493,0.9874734349271307,0.35329864595195426,0.2286210753521906,2.5699467752082876,,False
Moga+Sanmitro,Anthony Gordon,Anthony Gordon,bench,,blend_cache,,True,2130.5,30,ST,FWD,ST,7.002084331576425,0.2849229302717347,0.13469632514876756,0.3580597575966318,0.14958275297145374,2.3150022587849564,0.8882318299189329,1.4412103146570328,79.02935473566522,1.2879317313979082,0.9767786865461063,0.21813972802166626,0.36448568582817564,2.2756127394266015,,False
Moga+Sanmitro,John Stones,John Stones,bench,,blend_cache,,True,548.0,11,CB,DEF,CB,6.79,0.33,0.0,0.11128897735493082,0.013341090803345562,0.33,0.33,0.2680994767672135,84.0,0.35,0.4927007299270073,0.656934306569343,0.05564448867746541,0.16697588126159554,raw_pass_pct_zero|raw_dribbles_zero|pass_pct_role_default|dribbles_role_default|dribble_pct_role_default,True
Moga+Sanmitro,Benjamin Sesko,Benjamin Šeško,bench,,blend_cache,,True,2021.0,31,ST,FWD,ST,6.859860973187686,0.4776724624715883,0.12066918011791702,0.40563347868697974,0.05658398441350812,2.768068953609575,1.338133398447754,0.7674617976216191,70.37745283018867,0.9367086737923844,0.44442373450855716,0.20052608393189197,0.5727260118515842,3.0393783855311107,,False
Raktim,Trent,Trent Alexander-Arnold,bench,,blend_cache,,True,2377.0,33,LB,DEF,LB|RB,7.131551673082618,0.09771986970684039,0.18951732306781166,0.06787089132366005,0.22602901984009474,1.4065738821439149,0.2724311519099793,1.758957654723127,78.98739709801599,0.6899615042937518,2.481492448919159,1.1074918566775245,0.06765992184501281,1.3926112623181028,,False
Raktim,Alisson,Alisson,bench,,blend_cache,,True,2424.5,27,GK,GK,GK,6.949999999999999,0.0,0.0,0.0,0.0039222018720633176,0.0,0.0,0.021458448228514886,76.6887341217696,0.012698045249977872,0.01853831390233588,0.0,0.0,0.0,aerials_estimated,True
Raktim,Hakimi,Achraf Hakimi,XI,RB,prime,2020-2021,True,2674.0,37,RB,DEF,RB|RWB|RM,7.05,0.23542600896860988,0.26905829596412556,0.1714360212423771,0.21690797885474467,1.311659192825112,0.5381165919282511,1.2443946188340806,84.48,1.109865470852018,1.7825112107623318,0.7399103139013453,0.1714360212423771,1.2789827973074046,aerials_estimated,True
Raktim,El Kaabi,Ayoub El Kaabi,bench,,blend_cache,,True,1964.0,31,ST,FWD,ST,7.098785425101214,0.6315519568151148,0.10012145748987854,0.4791497975708503,0.09,2.7246828609986506,1.192037786774629,0.7024291497975709,72.67476383265857,0.534952766531714,0.40242914979757083,0.15060728744939272,0.5148220085795032,2.7231603448097377,dribble_pct_role_default|sot_goals_sot_repair,True
Raktim,Mikel Merino,Mikel Merino,XI,CM1,blend_cache,,True,1597.0,28,ST,FWD,ST|CM,6.979942241047363,0.37350789372352716,0.11551790527531766,0.33573353869849826,0.07554871005005775,2.241047362341163,0.8971890643049673,1.0473623411628803,77.64659607239122,0.6199460916442049,1.902194840200231,0.6160954948016942,0.3954110529318411,2.1980991933419998,,False
Raktim,Gyokeres,Viktor Gyökeres,XI,ST,blend_cache,,True,2254.0,36,ST,FWD,ST,6.6991210817455435,0.4917025199754148,0.0645359557467732,0.44744929317762755,0.08131530424093422,2.258758451137062,0.9096496619545176,0.8912108174554394,65.95098955132146,0.439459127228027,0.439459127228027,0.10448678549477565,0.48797638106564467,2.2580838592651444,,False
Raktim,Alexis Sanchez,Alexis Sánchez,XI,LW,peak_season,2016-2017,True,3217.0,38,LW,FWD,LW|ST|RW|CM,7.22,0.67,0.28,0.42984378287621117,0.2502104310169609,3.61,1.37,2.1713578719455615,78.0,0.849,1.1190550202051601,0.755362138638483,0.49341201042468946,3.591091865140736,aerials_estimated_fwd,True
Raktim,Tielemans,Youri Tielemans,XI,DM,blend_cache,,True,2447.0,30,CM,MID,CM,7.176858137510878,0.060618751497420804,0.17138827371118118,0.08406323177928784,0.14857096816500698,1.1918580402545536,0.3586002678262765,1.5213544266558605,84.7463359442994,0.6840986913048569,2.3877820684927027,0.7832287509442297,0.09946309075061921,1.1896707677802307,,False
Raktim,Eze,Eberechi Eze,XI,CM2,blend_cache,,True,2250.0,33,CM,MID,CM,7.055769230769231,0.3152507007162878,0.1655745873559639,0.3132326378075366,0.1273846153846154,2.9936468389909687,0.9769588913111179,1.3077623793210837,80.34846153846154,1.524470569915914,1.025,0.3890921831205232,0.2599792746431469,2.7744494095116505,,False
Raktim,Jonathan Tah,Jonathan Tah,XI,CB1,blend_cache,,True,2497.0,30,CB,DEF,CB,7.082063197026023,0.07278599047630888,0.024454190548420386,0.03482696866465252,0.058917607431628764,0.5296340963061505,0.19800253219115346,0.2335568168160701,92.22286388332856,0.15157246584028547,1.0441019838950985,1.1024946848851809,0.032442131867409706,0.39611078328797544,,False
Raktim,Eder Militao,Éder Militão,XI,CB2,blend_cache,,True,496.0,10,CB,DEF,CB,6.54,0.0,0.0,0.014508308236857495,0.0,0.36,0.36,0.0,84.0,0.35,0.5443548387096774,0.907258064516129,0.014508308236857495,0.3614457831325301,raw_pass_pct_zero|raw_dribbles_zero|pass_pct_role_default|dribbles_role_default|dribble_pct_role_default,True
Raktim,Antonee Robinson,Antonee Robinson,XI,LB,blend_cache,,True,2329.5,29,LB,DEF,LB,6.951449917405014,0.03912290689252426,0.12944867652426117,0.04745963514617964,0.10432241976174558,0.49591749529118523,0.10105408986219103,1.1719810867444453,80.93652500375431,0.8712762343404473,2.527995341212545,1.513659084272052,0.04923440219721552,0.49665028656438837,,False
Raktim,Nick Pope,Nick Pope,XI,GK,blend_cache,,True,2468.5,27,GK,GK,GK,6.982026091970592,0.0,0.0,0.002120055736572113,0.0009687127682618188,0.013250348353575702,0.013250348353575702,0.02135803867460203,64.58039930805823,0.0,0.019016529699979048,0.012708766654997013,0.0017386561346394245,0.013222994207511342,aerials_estimated,True
Raktim,Takefusa Kubo,Takefusa Kubo,XI,RW,blend_cache,,True,1945.0,30,CM,MID,CM,7.016044142614602,0.1866901746435578,0.13995307426605358,0.16622292067789976,0.1772813698197928,1.8353612642526023,0.699798324635797,1.7211646325477858,77.44636672325976,2.1403469002980784,1.2978768707055561,0.5647193930747534,0.17881306970927768,1.8248283206733436,,False
Raktim,David Raum,David Raum,bench,,blend_cache,,True,2172.0,26,LB,DEF,LB,7.134167717528373,0.0723148610937441,0.2020801399713225,0.053881567160522996,0.30859080786163356,0.665109188097431,0.22842787234506678,2.309590742658342,80.4182471626734,0.6346594296178145,1.8325161664231178,0.8162556634184619,0.06137568510670371,0.662756286720788,,False
Rishav,KDB,Kevin De Bruyne,XI,AM,prime,2019-2020,True,2818.0,35,CM,MID,CM,7.16,0.42,0.64,0.2588993832839136,0.6585749326507786,3.16,0.97,4.247693399574166,85.0,1.477,0.773916159082766,0.6126836259405231,0.2588993832839136,3.1937544357700496,pass_pct_role_default|dribbles_creator_estimate|dribble_pct_role_default|aerials_estimated,True
Rishav,Marquinhos,Marquinhos,XI,CB1,blend_cache,,True,1387.0,18,CB,DEF,CB,7.099857561793045,0.04288446476384765,0.012568077084206116,0.03661799357397784,0.04252622113859891,0.4055129617226425,0.10831496694049289,0.3329042836078856,91.28477796397152,0.200061530288274,1.4989405576888213,0.8060347224536186,0.0407704422597451,0.4066541887831647,,False
Rishav,Saliba,William Saliba,XI,CB2,blend_cache,,True,2828.0,33,CB,DEF,CB,6.982978056426332,0.04241419659111676,0.007836990595611285,0.04630769358319546,0.04260419932381228,0.2597741425264366,0.08469425831804828,0.2950863254255302,91.70697492163009,0.28548449824299293,1.540718246852736,0.7199898812916652,0.06546350457002419,0.2598556805787634,,False
Rishav,Luis Suarez,Luis Suárez,XI,ST,peak_season,2015-2016,True,3150.0,35,ST,FWD,ST,7.62,1.14,0.49,0.9176490240863391,0.37931313323123117,3.91,2.0,1.6,78.0,0.782,0.6,0.2571428571428571,1.023820740197386,3.914285714285714,aerials_estimated_fwd,True
Rishav,Dumfries,Denzel Dumfries,XI,RB,blend_cache,,True,1951.0,29,CM,MID,CM,6.985947136563877,0.32870213486953576,0.10166045408336156,0.27685530328702135,0.11497797356828193,1.9112165367671974,0.9115554049474754,1.013215859030837,75.77183327685532,0.6675703151474077,1.0335479498475093,0.2677058624195188,0.29138611509842605,1.8976512515283144,,False
Rishav,Kenan Yildiz,Kenan Yıldız,XI,LW,blend_cache,,True,2623.0,35,ST,FWD,ST,7.204073971846536,0.303349183248438,0.15611837789591032,0.24486427352663898,0.2008741051937298,2.6012717271687738,1.0408631183886496,1.9472610952392904,82.07243996687828,1.9144754293457025,1.249883500435529,0.21700956371809255,0.18497991601288377,1.724083460893938,,False
Rishav,Tijjiani Reijnders,Tijjani Reijnders,XI,CM,blend_cache,,True,2386.0,32,CM,MID,CM,6.998653278204371,0.2983353966124137,0.11460881901117931,0.25510001169909047,0.10837426690253621,2.4358210294172924,0.8822791649714163,1.1487557152085361,84.79548730064973,0.9874566376068876,0.6928579329686,0.6519185680379525,0.2881982827887571,2.6013577437510476,,False
Rishav,Pavlovic,Aleksandar Pavlović,XI,DM,blend_cache,,True,1458.0,22,CM,MID,CM,7.054222945484133,0.11386366219689337,0.05896597077476955,0.08020178407145204,0.12309832018188571,0.8360211067230082,0.30713548965385296,0.9597795654026636,89.55150935720098,0.44957790504133444,1.883948804464147,0.6730862702341074,0.08189026980383646,0.8358063714497168,,False
Rishav,Semenyo,Antoine Semenyo,XI,RW,blend_cache,,True,3204.5,37,CM,MID,CM,7.056242716137472,0.3806354238965167,0.12485137499031387,0.3063912506674901,0.10133736142173719,2.7963763521035476,1.1107164411115595,1.171260600618463,77.90606790343679,1.5600854878286339,1.260405981416226,0.3163583100898809,0.37261176436316473,2.797355315065377,,False
Rishav,Courtois,Thibaut Courtois,XI,GK,blend_cache,,True,2790.0,31,GK,GK,GK,7.008891820580475,0.0,0.0,0.0,0.0011181563324538257,0.0,0.0,0.03168700527704485,77.25957783641161,0.0,0.016779353562005276,0.012269129287598945,0.0,0.0,aerials_estimated,True
Rishav,Calvert-Lewin,Dominic Calvert-Lewin,bench,,blend_cache,,True,2177.5,30,ST,FWD,ST,6.752663257277735,0.32216936119555717,0.06800864147279116,0.4136347115866327,0.05333829028175586,2.5389663269441294,1.071655864575858,0.7049485530997109,65.07756097560976,0.5315762497692105,0.5352706999516229,0.25644237111696244,0.5285138408886518,2.403311050774514,,False
Rishav,Kingsley Coman,Kingsley Coman,bench,,blend_cache,,True,1284.0,28,CM,MID,CM,7.0236777583187395,0.3458844133099825,0.21015761821366025,0.31987740805604203,0.20608581436077061,2.7845884413309983,1.0989492119089317,1.7425569176882663,82.2077057793345,1.8870402802101578,1.0201401050788093,0.4246935201401051,0.3091410185132235,2.795458662962739,,False
Rishav,Alejandro Balde,Alejandro Balde,XI,LB,blend_cache,,True,2083.0,30,LB,DEF,LB,6.826352578657152,0.019461563412260786,0.11794477479390994,0.03588775413597733,0.10391424718105224,0.5484741902624105,0.12089149114610799,1.0394603808770932,88.41858579305871,1.242839123558443,1.4228973160620213,0.45558753403531216,0.03866286797816812,0.5446559432464503,,False
Rishav,Marcus Rashford,Marcus Rashford,bench,,blend_cache,,True,1594.0,28,ST,FWD,ST,6.9,0.37295993221944446,0.2143125085119898,0.3414308327297506,0.17409523425926068,2.796836224130706,1.1432167688279715,1.6889564244505513,78.67323438704703,1.1282842800750505,0.7634492237168843,0.2246709873832152,0.40768243918938596,3.342202091525407,,False
Rishav,Ayoub Bouaddi,Ayyoub Bouaddi,bench,,blend_cache,,True,1746.0,27,CM,MID,CM,6.810983248361254,0.03641660597232338,0.0734488593814834,0.05958467090154891,0.09136299647590473,0.7071904951382642,0.21344251684856985,0.7815525028864694,85.1840895848507,1.018128502215894,2.5990455956802863,0.8697019876493688,0.0531070994987823,0.7086690125282802,,False
Rohan + AnaC,Vinicius,Vinícius Júnior,XI,LW,blend_cache,,True,2541.0,33,ST,FWD,ST,7.283912736515109,0.4362902908110479,0.20550115801604518,0.4049928639533735,0.18929388107386505,2.991171930237937,1.203176398876173,1.9549302659258356,79.0949166902005,2.3935997463829546,0.8578698495466253,0.13638502216178827,0.4403358792012033,2.9586701118162484,,False
Rohan + AnaC,Bastoni,Alessandro Bastoni,XI,CB3,blend_cache,,True,2334.5,30,LB,DEF,LB,7.123040935672515,0.045020508113621266,0.15111520803311518,0.047840465013775424,0.10724506976927511,0.6173083032883561,0.19808257029159032,0.9716126422419065,86.89023316839106,0.4150953455679001,1.8830752675704496,0.8934983400944883,0.04997120418956244,0.6119176707775371,,False
Rohan + AnaC,Gabriel Magalhaes,Gabriel Magalhães,XI,CB2,blend_cache,,True,2558.0,30,CB,DEF,CB,7.141172006745363,0.08475149294591697,0.06915238033057652,0.08140376771683074,0.04906154125940922,0.759008090195453,0.19287866373173415,0.3585274651701744,88.4767594154019,0.13674316581031376,1.238572323319248,0.784470234260961,0.12453122259645157,0.7579614342650346,,False
Rohan + AnaC,Roberto Firmino,Roberto Firmino,XI,ST,peak_season,2017-2018,True,2763.0,37,ST,FWD,ST,7.11,0.49,0.23,0.3199104980420647,0.24557861788416785,2.74,1.24,1.791044776119403,78.0,0.7,1.6938110749185669,0.5211726384364821,0.344254909051475,2.6865671641791047,aerials_estimated_fwd,True
Rohan + AnaC,Tchouameni,Aurélien Tchouaméni,XI,DM,blend_cache,,True,2657.0,32,CM,MID,CM,7.092536231884059,0.03981424295839646,0.02734481815695926,0.08055303958437572,0.07791621939422225,1.1200204052550196,0.2194283852604969,0.6732545332642804,89.69880776592836,0.3502738285066235,1.8972787911614228,1.363499915139769,0.08708792627523188,1.1124095346739948,,False
Rohan + AnaC,Salah,Mohamed Salah,XI,RW,prime,2017-2018,True,2907.0,36,ST,FWD,ST,7.4,0.99,0.31,0.7194563301031704,0.25423260036157286,4.43,2.07,1.8889641164522681,78.0,0.775,0.2786377708978328,0.21671826625386997,0.765837620018137,4.35680433310765,pass_pct_role_default|dribbles_winger_estimate|aerials_estimated_fwd,True
Rohan + AnaC,Nathaniel Brown,Nathaniel Brown,XI,LWB,blend_cache,,True,2305.5,29,LB,DEF,LB,6.958108455604295,0.11359704359962555,0.17391056937394248,0.08294275666199909,0.13846496297207103,0.633237502458235,0.24713359626814266,1.3165870434381992,84.2667901981546,0.6195402080476388,2.6722964868814043,0.8354766723189071,0.0823268260673894,0.6312707175490034,,False
Rohan + AnaC,Daniel Munoz,Daniel Muñoz,XI,RWB,blend_cache,,True,2818.0,33,CM,MID,CM,6.981189104243059,0.12257220207723464,0.11902377246007166,0.1105644445092473,0.12035918281915185,1.067602362193665,0.4562743127256014,1.1579658636610524,78.70435830277633,0.4267258586975293,2.7447879211966795,1.0209271090597856,0.12886178014044455,1.051229318263145,,False
Rohan + AnaC,Morgan Gibbs-White,Morgan Gibbs-White,bench,,blend_cache,,True,2966.0,35,CM,MID,CM,7.030874936964196,0.3315228661872077,0.16894491811525464,0.27863639630403175,0.11022069280393092,2.2307443179449753,0.8557342719148711,1.4277126108197569,79.17516893595561,0.896035178813728,0.9309295152853436,0.47799465220635445,0.28279401981660146,2.2099294029076506,,False
Rohan + AnaC,Mateusz Fernandes,Mateus Fernandes,bench,,blend_cache,,True,2971.5,36,CM,MID,CM,7.027195014478157,0.08165049856124165,0.1158535591267638,0.09370086959514598,0.10275103378206411,1.098355232470199,0.33868335270094385,1.0811058128192146,85.24461790255572,1.0531998674005527,2.6140157683748506,0.9140924387520074,0.06547728760745573,0.9215611957933523,,False
Rohan + AnaC,Matz Sels,Matz Sels,XI,GK,blend_cache,,True,3043.5,34,GK,GK,GK,6.953763447508346,0.0,0.0,0.0,0.004806844256180733,0.0,0.0,0.039926981249593284,56.844064548040066,0.0,0.02755006703379535,0.0,0.0,0.0,aerials_estimated,True
Rohan + AnaC,Micky Van de Ven,Micky van de Ven,XI,CB1,blend_cache,,True,3043.0,35,CB,DEF,CB,6.759680930002474,0.09646302250803859,0.02968093000247341,0.0662132080138511,0.018130101409844175,0.4798417017066535,0.1706653475142221,0.22013356418501112,89.34933217907495,0.3067029433588919,1.2639129359386596,0.7494434825624536,0.0624662221122241,0.4985132472420514,,False
Rohan + AnaC,Alexis Mac Allister,Alexis Mac Allister,XI,CM,blend_cache,,True,2641.0,36,CM,MID,CM,6.968133754463059,0.13644341722909703,0.16084772230087818,0.13233615489948647,0.1405518028869042,1.6046579071402405,0.5002342184069033,1.4421365042783512,85.00491623180446,0.6641303254002395,2.1382696295631325,0.6552870578005472,0.14341213402400765,1.600224613414445,,False
Rohan + AnaC,Joao Pedro,João Pedro,bench,,blend_cache,,True,2313.5,31,ST,FWD,ST,7.057095971027614,0.43973538772551946,0.1914908525860605,0.42156896955225087,0.10037224313579833,2.338171175239848,0.9465097094644396,1.1553516476573868,74.67027614305115,1.1779740273747186,0.8160859724718604,0.3024870339608323,0.46882795423101564,2.4245329018259087,,False
Rohan + AnaC,Caiomhin Kelleher,Caoimhin Kelleher,bench,,blend_cache,,True,2115.0,23,GK,GK,GK,6.970369181380418,0.0,0.0,0.0,0.0033671207322892717,0.0,0.0,0.03715673940393041,68.7691492776886,0.06147455641837664,0.01559585267450436,0.009175306928115917,0.0,0.0,aerials_estimated,True
Ryan,Messi,Lionel Messi,XI,RW,prime,2014-2015,True,3375.0,38,ST,FWD,ST|CM,7.58,1.15,0.48,0.838,0.47,4.99,2.77,2.534,85.0,4.2,0.0,0.0,0.9573975392569256,4.98814463544754,dribbles_winger_estimate|aerials_estimated_fwd,True
Ryan,Bernardo,Bernardo Silva,bench,,blend_cache,,True,2780.5,35,CM,MID,CM|AM|RW|LW,7.016193625181854,0.12008179449875118,0.14298616307378725,0.1252559007925757,0.1505935691155909,1.2162104352878451,0.4007942481170609,1.6182090635331907,87.04962108186749,0.9048669349584542,1.6032902228827972,0.6559768170688113,0.14015656055000036,1.2146700971969533,aerials_estimated,True
Ryan,VVD,Virgil van Dijk,XI,CB2,blend_cache,,True,3375.0,37,CB,DEF,CB,7.1739999999999995,0.09903352977037187,0.01728185328185328,0.07076112578744158,0.03306208087787035,0.7002641739483844,0.2597886608412925,0.32690103637472057,89.34800000000001,0.10871774029668765,0.9851615525299735,1.1079943100995733,0.08820351792660064,0.6898394635236742,,False
Ryan,Neymar,Neymar,XI,LW,peak_season,2014-2015,True,2562.0,33,LW,FWD,LW|RW|ST|CM,7.19,0.77,0.25,0.769,0.289,3.323,1.65,1.819,81.0,3.8,0.0,0.0,0.7947708375019366,3.322969296541003,aerials_estimated_fwd,True
Ryan,Marcos Llorente,Marcos Llorente,XI,RM,blend_cache,,True,2348.5,31,LB,DEF,LB,6.9902717634761835,0.04303677321113723,0.13790502090568266,0.056202144902147984,0.12396275300713659,0.6701145874763504,0.20923043936248203,0.9094547865920155,86.68507690010453,0.6026050308145292,2.2866130722418907,0.7962190983243939,0.05834399020514568,0.6692421334015499,,False
Ryan,Szoboszalai,Dominik Szoboszlai,XI,CM,blend_cache,,True,2864.5,36,CM,MID,CM,7.105659205589339,0.18866268772144928,0.19897989899731022,0.19470511792468603,0.19541599692918227,2.0936613969156332,0.7128563420920964,1.967129145122215,85.0070377797904,0.8594019053761717,1.370222864361216,0.5462332921558198,0.18807741399338757,2.087741041311953,,False
Ryan,Christian Romero,Cristian Romero,XI,CB1,blend_cache,,True,1646.0,20,CB,DEF,CB,6.999297052154195,0.09086591179146512,0.026291499505785222,0.06605091016182565,0.05012381881848682,0.7585925094727912,0.3041192822379945,0.4694268582598562,87.5551776266062,0.23382480475035808,2.1619700907930284,1.2594182309977078,0.07991561564154465,0.7564531940917423,,False
Ryan,Lewandowski,Robert Lewandowski,XI,ST,blend_cache,,True,2168.5,32,ST,FWD,ST,6.978705223291779,0.6778328571751278,0.09804287818424574,0.6817001401756063,0.06783799195877108,3.250157689815783,1.4000210353106881,0.825794859817113,76.4432838882752,0.6496120121461948,0.46034752894429554,0.1691567900552861,0.7444169053731439,3.2518227689466284,,False
Ryan,Warren Zaire Emery,Warren Zaïre-Emery,bench,,blend_cache,,True,2252.5,30,CM,MID,CM,6.965791698693312,0.08404688154016796,0.11193889710342894,0.07160815704130681,0.10000433126254579,0.8685205141034582,0.30285364007272697,1.145169091538753,90.25093774019984,0.9001058017954118,1.9224265208946933,0.7477299294402004,0.08969258971653325,0.8674567241725425,,False
Ryan,Unai Simon,Unai Simón,XI,GK,blend_cache,,True,2610.0,29,GK,GK,GK,6.968074792243767,0.0,0.0,0.0,0.0028802447084995565,0.0,0.0,0.018080407277083176,63.8812188365651,0.0,0.015310324174590103,0.017214087851206962,0.0,0.0,aerials_estimated,True
Ryan,Alex Grimaldo,Alejandro Grimaldo,XI,LM,blend_cache,,True,2583.5,30,LB,DEF,LB|LM|LW|CM,7.1780291614343525,0.1441217866950207,0.21665833846219296,0.13302962567082022,0.26318524657087233,1.506648422647269,0.49758459399543065,2.0469664398211536,85.52901702246407,0.7900821367799891,1.454630029778944,0.7057197303072568,0.14143960077822101,1.5116199505965449,,False
Ryan,Granit Xhaka,Granit Xhaka,bench,,blend_cache,,True,2897.0,33,CM,MID,CM,7.249394405953297,0.060326861520436856,0.17580079795310716,0.047944603673309875,0.12999262225783778,0.7929197093066687,0.18214399376419751,1.264203441573779,86.16685142417242,0.3873827748149291,1.580660127329259,0.6783226866028348,0.044310895069070946,0.7930850973336907,,False
Ryan,Martin Zubimendi,Martín Zubimendi,XI,DM,blend_cache,,True,2981.5,37,CM,MID,CM,6.997348989074469,0.10401368640002512,0.04772167524791755,0.08874550667375829,0.06745332437330329,0.8776127570997219,0.2799795045747032,0.7057825317071684,85.15665452718825,0.4705718900871434,2.033591124609333,1.1394277063026825,0.09038991554977403,0.8999719921743325,,False
Ryan,Piero Hincapie,Piero Hincapié,XI,CB3,blend_cache,,True,2231.0,28,CB,DEF,CB,6.977742185082018,0.0498997965728027,0.06723931855847719,0.0528368745786579,0.08114237785068827,0.46279687579952533,0.11601713458927435,0.5199411697593238,88.15780718043949,0.2569401382629304,1.932655590430386,1.1482079353094246,0.02673792267756849,0.2591374918855447,,False
Ryan,Alexander Sorloth,Alexander Sørloth,bench,,blend_cache,,True,1770.5,35,ST,FWD,ST,6.9,0.680122909480611,0.08018199991670485,0.5839615868927033,0.061977227262971404,3.309706967240385,1.6360477130157118,0.7818519187105148,69.37324670637068,0.6920024747056837,0.6578976991748825,0.1086706787166993,0.7133160918210747,3.35625847775341,,False
Sohom+Mayukh,Rudiger,Antonio Rüdiger,XI,CB3,blend_cache,,True,1895.0,23,CB,DEF,CB,6.9252763385146805,0.030105293864340382,0.010362694300518135,0.05402722294834693,0.0375243685087707,0.7369993978506604,0.12282840970735774,0.26985249148583174,90.35620898100173,0.12481003981835975,1.0854351164592029,0.5570274607155496,0.06486690561800962,0.7364004565911649,,False
Sohom+Mayukh,Pedri,Pedri,XI,CM,blend_cache,,True,2499.5,33,CM,MID,CM,7.396403057579654,0.12639979506951282,0.24429436196424842,0.09961334349859717,0.23368105535871692,1.1125458143590117,0.4605362767640676,2.211453587508947,87.36029361337334,1.3671240803822426,1.7549905163045874,0.783653386867879,0.11509810909171067,1.0954748588936567,,False
Sohom+Mayukh,Raphinha,Raphinha,XI,LW,blend_cache,,True,2844.0,36,ST,FWD,ST|CM,7.5658688865764825,0.5098855359001041,0.24193548387096775,0.5421956295525494,0.26011966701352757,3.2934443288241417,1.2617065556711757,2.4401664932362124,78.039604578564,1.425598335067638,1.0509885535900105,0.32258064516129037,0.5727246462919633,3.470218407107641,,False
Sohom+Mayukh,Dani Alves,Dani Alves,XI,RWB,peak_season,2017-2018,True,2063.0,25,RB,DEF,RB|RM,6.86,0.04,0.31,0.059673498238458536,0.21636824424075352,1.18,0.22,2.005813953488372,84.0,0.812360465116279,2.443044110518662,1.0906446921958313,0.059673498238458536,1.177325581395349,aerials_estimated,True
Sohom+Mayukh,Kimmich,Joshua Kimmich,XI,DM,blend_cache,,True,2563.5,31,CM,MID,CM,7.554633085449699,0.09057041994550068,0.209871463981746,0.08581348905117862,0.29610404316149874,1.1208968547744624,0.35390588486285374,2.0873091485325808,89.94558509891961,0.48906326648342724,1.4798496130990966,0.8637179884304611,0.08669955880332889,1.1235442271478044,,False
Sohom+Mayukh,Federico DiMarco,Federico Dimarco,XI,LWB,blend_cache,,True,2466.5,34,CM,MID,CM,7.223936968123468,0.19227222251929288,0.3537779126741335,0.1617142749747207,0.25932040509596804,2.093349199144752,0.7640357739428669,2.3021794114060743,82.59706476272899,0.4865171381402361,1.2684970098667208,0.6979950099528979,0.19824612019007304,2.097378573723059,,False
Sohom+Mayukh,Mbuemo,Bryan Mbeumo,XI,RW,blend_cache,,True,3018.0,35,ST,FWD,ST,7.0915355898456935,0.42442769059957863,0.13783697751966412,0.36316628500170484,0.17904704082266204,2.3800179448861876,1.0623769528497033,1.5727136558147448,75.84775510204082,0.945908544169136,1.0064876138919188,0.3039547418610874,0.4208348591718874,2.441429486592843,,False
Sohom+Mayukh,Endrick,Endrick,bench,,blend_cache,,True,813.0,19,ST,FWD,ST,6.8887892995035855,0.3200496727611597,0.18178178512525017,0.41823599643689024,0.11197021893852974,3.3482060655613877,1.3195271760455787,1.3019230440759828,75.59416161059019,1.2355312907541383,0.705879237922032,0.3872275777087839,0.39693765192161107,2.908362149433578,,False
Sohom+Mayukh,Jamie Vardy,Jamie Vardy,XI,ST,prime,2015-2016,True,3154.0,36,ST,FWD,ST,7.28,0.6881172347881491,0.17202930869703728,0.5013188395410606,0.17883443604320873,3.297228416693214,1.5195922268238293,1.3762344695762982,65.76,1.1181905065307423,1.0035043007327173,0.5160879260911119,0.6316382606137607,3.2815472415979707,aerials_estimated,True
Sohom+Mayukh,Yan Sommer,Yann Sommer,bench,,blend_cache,,True,2965.5,33,GK,GK,GK,6.991130374479889,0.0,0.0,0.0,0.0010719172955160475,0.0,0.0,0.007565250283696887,80.43424410540915,0.0,0.005043500189131258,0.0,0.0,0.0,aerials_estimated,True
Sohom+Mayukh,Senne Lammens,Senne Lammens,XI,GK,blend_cache,,True,2880.0,32,GK,GK,GK,6.994536082474227,0.0,0.0,0.0,0.001443298969072165,0.0,0.0,0.0077319587628865965,61.64412371134021,0.0,0.028350515463917526,0.0,0.0,0.0,aerials_estimated,True
Sohom+Mayukh,Ismael Saibari,Ismael Saibari,bench,,blend_cache,,True,1024.0,18,AM,MID,AM|DM,7.051185770750989,0.3570750988142292,0.4430830039525691,0.1749407114624506,0.12434782608695652,2.9332806324110674,1.2115810276679841,1.4988142292490119,79.89881422924901,1.2708300395256917,0.9431620553359685,0.4449407114624506,0.18335936088335686,2.9316555641589552,,False
Sohom+Mayukh,Harry Maguire,Harry Maguire,XI,CB2,blend_cache,,True,1715.5,25,CB,DEF,CB,6.878428466212483,0.04421726873666372,0.0451550271790606,0.06299078204192395,0.028271774192164974,0.6646181773757266,0.23626449579221648,0.3421475781726553,86.0884441171055,0.14134956669359278,1.4478681246228517,1.2530032406784888,0.07281409593538775,0.6826435232535291,,False
Sohom+Mayukh,Lennart Karl,Lennart Karl,bench,,blend_cache,,True,1282.0,26,CM,MID,CM,6.860674846625766,0.34618755477651186,0.24978089395267306,0.4483347940403155,0.23505696757230496,2.7081507449605606,1.2576687116564416,1.4285714285714286,80.6908939526731,1.2182296231375986,1.336546888694128,0.6617002629272567,0.4329532229947559,2.7264395336428002,,False
Sohom+Mayukh,Francesco Acerbi,Francesco Acerbi,XI,CB1,blend_cache,,True,1550.5,20,CB,DEF,CB,6.97158400313664,0.011762399529504017,0.027722960034605518,0.02936509355389451,0.04800258642402973,0.33501309181240957,0.09449599052878882,0.3757273290665642,90.74481572240737,0.1656251099706719,1.1916551902858878,1.1816803394362903,0.028475399621716357,0.336207775689819,,False
Subhadro+Shubhajit,Vitinha,Vitinha (Paris Saint-Germain),XI,CM,blend_cache,,True,2078.0,29,CM,MID,CM,7.338190383365823,0.14744704166277903,0.1736727489723842,0.12456965191201773,0.16833096796098362,1.4748716150487908,0.5634142248698442,1.4098943570890765,89.28956465237167,0.9791466039511897,1.3430772077636766,0.7419362541822156,0.12836497558835314,1.477635266627015,,False
Subhadro+Shubhajit,Nuno,Nuno Mendes,XI,LM,blend_cache,,True,1467.0,22,LB,DEF,LB,7.096779489258209,0.12578181419583653,0.1951855361389352,0.1517612635287312,0.183370560260128,1.259347427126049,0.5450215455874582,1.4994147109950449,86.17443858937982,1.3519283223191998,1.781914297620991,0.9493514288582356,0.1336878775113754,1.259744683559412,,False
Subhadro+Shubhajit,Kante,N'Golo Kanté,XI,DM,prime,2016-2017,True,3080.0,35,CM,MID,CM,7.35,0.12,0.15,0.08,0.11,0.55,0.2,0.9,90.5,0.7,4.2,2.8,nan,nan,aerials_estimated,True
Subhadro+Shubhajit,Guirassy,Serhou Guirassy,XI,CF2,blend_cache,,True,2474.5,31,ST,FWD,ST,7.00326737660095,0.5886471884015951,0.07282982907414383,0.6197018326958929,0.11162601314368106,2.946230420630889,1.2839253536521236,0.8976179427501623,74.18873003309828,0.5295779106377259,0.3437987446514862,0.12123922139602372,0.6707813089185133,2.9222428121421054,,False
Subhadro+Shubhajit,Desire Doue,Désiré Doué,XI,AM,blend_cache,,True,1545.0,27,ST,FWD,ST,7.09729862475442,0.36914569804035074,0.2222630372617983,0.37413136408053393,0.18593587014111612,2.9175639992821742,1.0829365297324762,1.8829568396598015,81.281836935167,1.8570262632747725,1.7152359287427164,0.5447946997827572,0.3933549601834425,2.909163078280892,,False
Subhadro+Shubhajit,Nico Williams,Nico Williams,XI,RM,blend_cache,,True,1842.5,27,CM,MID,CM,6.953240985048373,0.2646881663238313,0.18819082700338244,0.230977952645039,0.21016258613232525,2.3576716198159398,0.853060171669966,1.699538562105483,77.49085312225155,2.643713582031278,1.0199315292977364,0.3639470550373889,0.24435351207628037,2.3608959514938994,,False
Subhadro+Shubhajit,Edinson Cavani,Edinson Cavani,XI,CF1,peak_season,2016-2017,True,2965.0,36,ST,FWD,ST,7.39,1.06,0.12,0.928839150949828,0.06638958121041423,4.31,2.06,0.7542742205833054,78.0,0.75,0.5463743676222597,0.45531197301854975,1.1123015819616338,4.314448541736507,aerials_estimated_fwd,True
Subhadro+Shubhajit,Schlotterbeck,Nico Schlotterbeck,XI,CB3,blend_cache,,True,2252.0,25,CB,DEF,CB,7.213560885608857,0.07105517483746265,0.08441845075132778,0.07919179565499572,0.07823492526399918,0.8164802694973954,0.2202469518934821,0.5387413133923965,88.03940344403443,0.4822617134581484,1.707165494754026,1.0023110556566395,0.08824204922960888,0.800773434001621,,False
Subhadro+Shubhajit,Konate,Ibrahima Konaté,XI,CB2,blend_cache,,True,2832.5,33,CB,DEF,CB,7.01259621656882,0.031522483480759644,0.033760199585722295,0.04636870734060073,0.033009542193973666,0.5055629204104679,0.13391772257274503,0.30681417049768334,88.92673189823876,0.15777263530013722,1.5047402162793935,0.8055242872241732,0.05518567546123255,0.5029645764080131,,False
Subhadro+Shubhajit,Joan Garcia,Joan García,XI,GK,blend_cache,,True,3060.0,34,GK,GK,GK,7.262783251231527,0.0,0.0,0.0006941923774954628,0.0013124189784806846,0.009917033964220896,0.009917033964220896,0.007389162561576355,76.03573891625616,0.012561576354679803,0.08029556650246306,0.025123152709359605,0.0,0.0,aerials_estimated,True
Subhadro+Shubhajit,Guela Doue,Guéla Doué,bench,,blend_cache,,True,2389.5,28,LB,DEF,LB,6.916972267296062,0.060136955291311654,0.14512826068738138,0.06369732482285788,0.08083183923985976,0.6012951594976499,0.20597489036115457,0.6861810237612607,85.48608275556866,0.8281855479203204,2.088647546892005,1.0925991548001293,0.05746950050426527,0.6013489250803027,,False
Subhadro+Shubhajit,Frenkie de Jong,Frenkie de Jong,bench,,blend_cache,,True,1637.0,25,CM,MID,CM,7.123481228668942,0.0720515737580584,0.20857034508911643,0.07785362153962837,0.16867652635570726,0.6939704209328783,0.20098596890405762,1.6116799393249905,89.95895714827455,0.4361016306408798,2.199469093667046,0.8835798255593477,0.08274857259095864,0.7039118639430255,,False
Subhadro+Shubhajit,Ademola Lookman,Ademola Lookman,bench,,blend_cache,,True,1530.0,21,ST,FWD,ST,6.981640316205533,0.3830577600842533,0.107557738424806,0.35059873519040086,0.18098774949243618,2.85660862083082,1.0813988699521135,1.8069888026979903,77.20816205533598,1.3074621208459623,0.8717419551370226,0.2373248990048144,0.4287047100485424,2.8359708405731467,,False
Subhadro+Shubhajit,Fermin Lopez,Fermín López,bench,,blend_cache,,True,1797.0,30,CM,MID,CM,7.002795852699321,0.31462281015373617,0.33249910618519846,0.34647836968180196,0.1760100107257776,3.046120843761173,1.1548087236324633,1.487307829817662,82.62200214515553,1.7018233821952091,1.8305327136217378,0.31462281015373617,0.3561025890188342,2.9309753144065933,,False
Subhadro+Shubhajit,Cristhian Mosquera,Cristhian Mosquera,XI,CB1,blend_cache,,True,3320.0,37,CB,DEF,CB,6.85,0.027777777777777776,0.006944444444444445,0.01800925925925926,0.01488425925925926,0.2199074074074074,0.0763888888888889,0.08101851851851852,90.02703703703703,0.16203703703703703,1.537037037037037,0.9722222222222222,0.016576689690967674,0.2198446941824425,,False
Sugata,Porro,Pedro Porro,XI,RB,blend_cache,,True,2710.0,33,LB,DEF,LB,6.99243935309973,0.05299334186663547,0.12566878480218605,0.04856614946093253,0.1377539761108131,1.0535342612765566,0.24818329022615648,1.6150486104194397,77.25567385444744,0.6143540508331626,2.2323765739063366,1.0715624025681858,0.055683871625683765,1.0533237774022222,,False
Sugata,De Ligt,Matthijs de Ligt,XI,CB1,blend_cache,,True,2128.0,29,CB,DEF,CB,6.890818414322251,0.06713554987212275,0.009590792838874679,0.08356777493606138,0.02055626598465473,0.6777493606138107,0.3356777493606138,0.28452685421994883,88.96613810741688,0.13746803069053706,1.3746803069053708,1.2851662404092072,0.08848057079572103,0.7050477716795176,,False
Sugata,Alaba,Alaba,XI,CB2,prime,2019-2020,True,2498.0,28,CB,DEF,CB,6.59,0.04,0.04,0.0,0.013999999999999999,0.68,0.25,0.6845476381104884,90.69,0.2522017614091273,0.5764611689351481,1.0808646917534028,0.0,0.67932,aerials_estimated,True
Sugata,Brahim Diaz,Brahim Diaz,bench,,blend_cache,,True,1545.0,31,ST,FWD,ST|CM,7.09,0.47,0.35,0.3231352718078382,0.26510745891276866,2.21,0.99,1.842661006901808,78.0,0.7821515222085785,1.0485436893203883,0.2912621359223301,0.27050110975062885,1.4640936613456408,raw_pass_pct_zero|pass_pct_role_default,True
Sugata,Diogo Dalot,Diogo Dalot,bench,,blend_cache,,True,2714.5,33,LB,DEF,LB,6.897501009557141,0.028723753058001063,0.09970547384190782,0.06526007153863057,0.08798715509518444,0.782412744868518,0.18772046979231555,0.9224909421832789,83.75753735361421,0.7572901915914376,1.9727159045905331,1.0277148053712941,0.06356952241167768,0.7701574357682802,,False
Sugata,Bradley Barcola,Bradley Barcola,XI,LW,blend_cache,,True,1971.0,31,ST,FWD,ST,7.118926287445305,0.4927613910484702,0.19364299279549374,0.48414120739270017,0.18782185408725077,2.958605499670257,1.3898443021856397,1.7130811144855609,80.28583810164926,1.3464579166211859,1.1487674167982538,0.5476244318997441,0.5161931663848504,2.9097611739033034,,False
Sugata,Radamel Falcao,Radamel Falcao,XI,ST,peak_season,2016-2017,True,1927.0,29,ST,FWD,ST,7.37,0.98,0.19,0.5404096682319004,0.13253703615034576,3.74,1.77,1.0512950736414424,78.0,0.75,0.5604566683964712,0.467047223663726,0.6793803171292061,3.6566785170137126,aerials_estimated_fwd,True
Sugata,Saka,Bukayo Saka,XI,RW,blend_cache,,True,1980.0,28,ST,FWD,ST,7.245503355704699,0.31155751942762105,0.2797883851305436,0.3335964509481227,0.26083444270180134,2.914073923078812,1.0880423560061172,2.2669308520336657,78.31546979865772,1.6469061517522186,1.3191685354141318,0.35059815493287394,0.38196324551107047,2.8897705919420624,,False
Sugata,Mctominay,Scott McTominay,XI,DM2,blend_cache,,True,2867.0,33,CM,MID,CM,7.089057408844065,0.34350541726647255,0.11224404639162251,0.3038409049397453,0.06131891597331385,2.6892595141613858,1.0339209244989709,0.8422009035498367,83.66046289113008,0.9598759959604795,1.0291429887239052,0.5877587699816743,0.3367187132985722,2.687983911111899,,False
Sugata,Florian Wirtz,Florian Wirtz,XI,AM,blend_cache,,True,2371.5,32,CM,MID,CM,7.156739581788521,0.301526981462504,0.23664560300926063,0.3203701197806259,0.22210256546079699,2.4362256991332036,1.0534478554576916,1.9009356752296913,80.62950837905976,1.85636281978446,1.1180535559645028,0.34092165311795375,0.2985601874433699,2.042677093365059,,False
Sugata,Gundogan,İlkay Gündoğan,XI,DM1,blend_cache,,True,2242.0,33,CM,MID,CM,7.039901295496607,0.08328192473781616,0.22208513263417645,0.14518815545959285,0.17877853177051203,1.3047501542257867,0.3948180135718692,1.7149907464528067,88.54062307217767,0.8420727945712523,1.0333127698951263,0.499691548426897,0.15111765558569115,1.3084457663051428,,False
Sugata,Donnarumma,Gianluigi Donnarumma,XI,GK,blend_cache,,True,2576.0,29,GK,GK,GK,6.964407158836688,0.0,0.0,0.0,0.002303261700178422,0.0,0.0,0.018982760889590736,78.99136465324385,0.021186998289248585,0.02108811237867919,0.010593499144624293,0.0,0.0,aerials_estimated,True
Sugata,Riyad Mahrez,Riyad Mahrez,bench,,blend_cache,,True,1920.0,30,RW,MID,RW|LW|RM,6.93,0.23,0.47,0.23663279033299114,0.2855097144911241,2.02,0.61,2.364760432766615,85.0,1.0152233384853169,0.609375,0.421875,0.2719267032942641,1.9938176197836166,raw_pass_pct_zero|pass_pct_role_default|dribble_pct_role_default,True
Sugata,Kobbie Mainoo,Kobbie Mainoo,bench,,blend_cache,,True,1663.0,26,CM,MID,CM,6.843796470146452,0.054379037643826136,0.07120644179159519,0.058695429391343854,0.09322157416623592,0.9239208280364933,0.21585225930121502,1.0208461670595037,86.31600826135937,0.9728844039296547,2.043544716799971,0.9593847823300647,0.05912043874792913,0.929642367418285,,False
Sugata,Theo Hernandez,Theo Hernández,XI,LB,blend_cache,,True,2696.0,33,LB,DEF,LB,7.1053030303030305,0.11363636363636365,0.1001082251082251,0.0810064935064935,0.12616341991341992,1.2608225108225108,0.46807359307359303,1.3879870129870129,86.04108225108226,0.8008658008658008,1.3906926406926408,0.6709956709956709,0.09343082197490107,1.2600282717035869,,False
